,idAmazon,idGoogleBase
0,b00004tkvy,http://www.google.com/base/feeds/snippets/18441110047404795849
1,b000g80lqo,http://www.google.com/base/feeds/snippets/18441188461196475272
2,b0006se5bq,http://www.google.com/base/feeds/snippets/18428750969726461849
3,b00021xhzw,http://www.google.com/base/feeds/snippets/18430621475529168165
4,b0007prnjo,http://www.google.com/base/feeds/snippets/18434733520229761009
5,b000in6u62,http://www.google.com/base/feeds/snippets/18434616791723899127
6,b00006hvvo,http://www.google.com/base/feeds/snippets/3409784122469217433
7,b00006hvvo,http://www.google.com/base/feeds/snippets/9687887699930800156
8,b0000ycfcw,http://www.google.com/base/feeds/snippets/321181551780335576
9,b000bcz8ng,http://www.google.com/base/feeds/snippets/3077454195131808819
10,b000fm18vi,http://www.google.com/base/feeds/snippets/3620383930983735395
11,b00009apna,http://www.google.com/base/feeds/snippets/3435680088823178198
12,b0009rgzgm,http://www.google.com/base/feeds/snippets/1883379429602083103
13,b000ap2wyw,http://www.google.com/base/feeds/snippets/2622452102774676117
14,b0009jlux8,http://www.google.com/base/feeds/snippets/4923451909983851979
15,b000cszg2m,http://www.google.com/base/feeds/snippets/5032391174084349054
16,b00023azve,http://www.google.com/base/feeds/snippets/4949402291543451335
17,b000ndicuy,http://www.google.com/base/feeds/snippets/2263647849333008264
18,b0000ycfdq,http://www.google.com/base/feeds/snippets/4188176128903497851
19,b0007yepy6,http://www.google.com/base/feeds/snippets/4783370532123880956
20,b000cpmtwk,http://www.google.com/base/feeds/snippets/1417708435719198149
21,b0002qnd2y,http://www.google.com/base/feeds/snippets/975032998818002648
22,b0009h9q1i,http://www.google.com/base/feeds/snippets/5665024204886410
23,b000cqyclu,http://www.google.com/base/feeds/snippets/1695089910833084773
24,b0001db6i6,http://www.google.com/base/feeds/snippets/12904825904608701558
25,b000h22rbg,http://www.google.com/base/feeds/snippets/10500380486679990055
26,b000bezsyi,http://www.google.com/base/feeds/snippets/10911853136488554482
27,b0001bg5gq,http://www.google.com/base/feeds/snippets/11618158047568311763
28,b000ivhozk,http://www.google.com/base/feeds/snippets/12543046747030237240
29,b000buqo9a,http://www.google.com/base/feeds/snippets/12604725900103506627
30,b00032heya,http://www.google.com/base/feeds/snippets/6195321262763979528
31,b000butd6q,http://www.google.com/base/feeds/snippets/6990565128537638388
32,b00032hexq,http://www.google.com/base/feeds/snippets/6856336028258284106
33,b000b6vlh4,http://www.google.com/base/feeds/snippets/10993073455692001778
34,b0009i9tqy,http://www.google.com/base/feeds/snippets/8804538687114603592
35,b00024yohy,http://www.google.com/base/feeds/snippets/9205821354688722990
36,b00020633g,http://www.google.com/base/feeds/snippets/5720091777255380975
37,b000cbqbby,http://www.google.com/base/feeds/snippets/5968511357343083164
38,b0002x1omi,http://www.google.com/base/feeds/snippets/7039940734695244235
39,b0009stm6g,http://www.google.com/base/feeds/snippets/7117788517647646539
40,b0000ycfe0,http://www.google.com/base/feeds/snippets/8175198959985911471
41,b00006j02n,http://www.google.com/base/feeds/snippets/18268949289189904876
42,b0000aka82,http://www.google.com/base/feeds/snippets/15883771067913561390
43,b0009ren8e,http://www.google.com/base/feeds/snippets/18152695793777845265
44,b000a3x6te,http://www.google.com/base/feeds/snippets/16407653863068941558
45,b000bnb72g,http://www.google.com/base/feeds/snippets/17010841797296818807
46,b000ap422c,http://www.google.com/base/feeds/snippets/15918748426604243470
47,b000098xjo,http://www.google.com/base/feeds/snippets/16361312648941715869
48,b000314vvu,http://www.google.com/base/feeds/snippets/18384366678790095384
49,b000fa5ens,http://www.google.com/base/feeds/snippets/18384136689746651786
50,b0002e3g6o,http://www.google.com/base/feeds/snippets/18384557845547191313
51,b000099sin,http://www.google.com/base/feeds/snippets/18383594456090582739
52,b000hj9r3u,http://www.google.com/base/feeds/snippets/18422892267475594445
53,b0007yll20,http://www.google.com/base/feeds/snippets/18425596514092797479
54,b0007yll20,http://www.google.com/base/feeds/snippets/18431066094306345892
55,b000162zp6,http://www.google.com/base/feeds/snippets/18423412970630780827
56,b000i84dsy,http://www.google.com/base/feeds/snippets/18427191929555331953
57,b000gaoo7y,http://www.google.com/base/feeds/snippets/18384280629938052082
58,b00008ajjc,http://www.google.com/base/feeds/snippets/18424464601572004274
59,b000jj4fbw,http://www.google.com/base/feeds/snippets/18427202789383020961
60,b000kmcf0g,http://www.google.com/base/feeds/snippets/18420491833696681736
61,b000ozibhk,http://www.google.com/base/feeds/snippets/18418631443367666576
62,b000h774k0,http://www.google.com/base/feeds/snippets/18419564278412211145
63,b000162zq0,http://www.google.com/base/feeds/snippets/18424247759201075212
64,b0006g2wke,http://www.google.com/base/feeds/snippets/18422068306669698354
65,b000qs8n64,http://www.google.com/base/feeds/snippets/18422266773656246362
66,b000cpshfs,http://www.google.com/base/feeds/snippets/18422327928504968692
67,b000ehq008,http://www.google.com/base/feeds/snippets/18415416380788323186
68,b000brgbpa,http://www.google.com/base/feeds/snippets/18413484739795948632
69,b0000c6fjm,http://www.google.com/base/feeds/snippets/18413075895200367717
70,b00005yx8i,http://www.google.com/base/feeds/snippets/18417819850768172148
71,b000hkgj8k,http://www.google.com/base/feeds/snippets/18417354130985846422
72,b0002719lk,http://www.google.com/base/feeds/snippets/18416093365515680633
73,b00006h38u,http://www.google.com/base/feeds/snippets/18406000514365649458
74,b000lu8a10,http://www.google.com/base/feeds/snippets/18406653450238248367
75,b0006oei8u,http://www.google.com/base/feeds/snippets/18409822956112890125
76,b000p9cr34,http://www.google.com/base/feeds/snippets/18421148872586071492
77,b000j4k804,http://www.google.com/base/feeds/snippets/18411875162562199123
78,b00008mopv,http://www.google.com/base/feeds/snippets/16621550764866327052
79,b000nwsclo,http://www.google.com/base/feeds/snippets/18404168006486239466
80,b000hlt4tu,http://www.google.com/base/feeds/snippets/18404168006486239466
81,b000ek6ekq,http://www.google.com/base/feeds/snippets/18404187604346548446
82,b0008ews9o,http://www.google.com/base/feeds/snippets/18354430457145981051
83,b0009y6f0g,http://www.google.com/base/feeds/snippets/18404319188505755669
84,b0006g31i6,http://www.google.com/base/feeds/snippets/18405362244680246986
85,b000qfqa1w,http://www.google.com/base/feeds/snippets/18405745276041721942
86,b000056b62,http://www.google.com/base/feeds/snippets/18446496383812786183
87,b000fbk6gc,http://www.google.com/base/feeds/snippets/18446612824766852081
88,b0007d8es0,http://www.google.com/base/feeds/snippets/18445465727364031756
89,b0006z16qq,http://www.google.com/base/feeds/snippets/18445827127704822533
90,b0002w37x8,http://www.google.com/base/feeds/snippets/18444171148464728826
91,b0006g31ao,http://www.google.com/base/feeds/snippets/18445341039052694828
92,b00005atxo,http://www.google.com/base/feeds/snippets/11430069725574750424
93,b0002bqqxw,http://www.google.com/base/feeds/snippets/18436194751131787997
94,b000e6q3em,http://www.google.com/base/feeds/snippets/18435517580056006507
95,b0006g2zce,http://www.google.com/base/feeds/snippets/16821958940203637711
96,b000s8jxpc,http://www.google.com/base/feeds/snippets/18415890873747923115
97,b0009zhg8k,http://www.google.com/base/feeds/snippets/18403568462989725383
98,b000e5n0mg,http://www.google.com/base/feeds/snippets/18400554570218912442
99,b000e5n0mg,http://www.google.com/base/feeds/snippets/10008484121273338467
100,b00079pmwa,http://www.google.com/base/feeds/snippets/18400846626733696167
101,b0000dzfvd,http://www.google.com/base/feeds/snippets/18398703861878507186
102,b000i2jd0s,http://www.google.com/base/feeds/snippets/18393898679155461769
103,b000068xl9,http://www.google.com/base/feeds/snippets/18398774476993389905
104,b000bi7uqs,http://www.google.com/base/feeds/snippets/18403148885652932189
105,b0006g2wr2,http://www.google.com/base/feeds/snippets/18403352308945312678
106,b000hvtk9e,http://www.google.com/base/feeds/snippets/18400163697429940544
107,b000jjrwas,http://www.google.com/base/feeds/snippets/18400264612493053038
108,b000jx29wa,http://www.google.com/base/feeds/snippets/18403866794415896226
109,b00063blg8,http://www.google.com/base/feeds/snippets/18399719239824156071
110,b0002bqrq8,http://www.google.com/base/feeds/snippets/18386073325514862606
111,b000067vpa,http://www.google.com/base/feeds/snippets/18389772286278704810
112,b000aly75i,http://www.google.com/base/feeds/snippets/18391095906680955632
113,b000a7mfn8,http://www.google.com/base/feeds/snippets/18387170188665857199
114,b000fepvcs,http://www.google.com/base/feeds/snippets/18395637668335924867
115,b0000y7wck,http://www.google.com/base/feeds/snippets/18395209041486825295
116,b000gv8u32,http://www.google.com/base/feeds/snippets/18395632346791388859
117,b000btas3y,http://www.google.com/base/feeds/snippets/18393736281334607132
118,b000qv5xqy,http://www.google.com/base/feeds/snippets/18391914133104937904
119,b000bw7kxw,http://www.google.com/base/feeds/snippets/18392335669009428265
120,b0007q7mg2,http://www.google.com/base/feeds/snippets/13558726664717453661
121,b0007q7mg2,http://www.google.com/base/feeds/snippets/13029285540855383313
122,b000b5ue6y,http://www.google.com/base/feeds/snippets/18392141725886908183
123,b000ndibaa,http://www.google.com/base/feeds/snippets/3285016045940957596
124,b0001wn1ee,http://www.google.com/base/feeds/snippets/12776057589362570320
125,b000jgf410,http://www.google.com/base/feeds/snippets/9949258255997064102
126,b000hcl5sm,http://www.google.com/base/feeds/snippets/12905177887993533095
127,b000e8jl80,http://www.google.com/base/feeds/snippets/16064170791328826375
128,b000coxs30,http://www.google.com/base/feeds/snippets/18397190495511936667
129,b000ndibq4,http://www.google.com/base/feeds/snippets/7928058720709111960
130,b000ndibq4,http://www.google.com/base/feeds/snippets/2461116331238857888
131,b000ndibci,http://www.google.com/base/feeds/snippets/5536147337142384196
132,b000edkurg,http://www.google.com/base/feeds/snippets/13699037964945038111
133,b000kzf7oo,http://www.google.com/base/feeds/snippets/18395554978346558556
134,b000hcxkks,http://www.google.com/base/feeds/snippets/18395554978346558556
135,b000e8jlai,http://www.google.com/base/feeds/snippets/18364244585954350504
136,b000e8jlai,http://www.google.com/base/feeds/snippets/8918859484248831701
137,b000hc0m36,http://www.google.com/base/feeds/snippets/12949835105262366018
138,b0008ewsai,http://www.google.com/base/feeds/snippets/10066664236286478958
139,b00009adf3,http://www.google.com/base/feeds/snippets/12203635138191657547
140,b00009adf3,http://www.google.com/base/feeds/snippets/10843999530069218918
141,b00009apn8,http://www.google.com/base/feeds/snippets/17298617365180292947
142,b000rwdd9q,http://www.google.com/base/feeds/snippets/13813465547037122851
143,b000pihtec,http://www.google.com/base/feeds/snippets/13778334917246964953
144,b0002bqqtq,http://www.google.com/base/feeds/snippets/12603976278153658661
145,b000in18nm,http://www.google.com/base/feeds/snippets/12354599434001970846
146,b000098xiy,http://www.google.com/base/feeds/snippets/12991839860010855049
147,b000c55alw,http://www.google.com/base/feeds/snippets/10177129616064822618
148,b000h20hu4,http://www.google.com/base/feeds/snippets/11816902045207686274
149,b0009yegcu,http://www.google.com/base/feeds/snippets/12024241460287341882
150,b00061u8sc,http://www.google.com/base/feeds/snippets/12121003713992255160
151,b000i2y0cy,http://www.google.com/base/feeds/snippets/1528326579184485637
152,b000ndemb2,http://www.google.com/base/feeds/snippets/9858798962478264497
153,b000fzvv3u,http://www.google.com/base/feeds/snippets/9675508034468866052
154,b000h14rqk,http://www.google.com/base/feeds/snippets/18177463782265275234
155,b000h14rqk,http://www.google.com/base/feeds/snippets/10090208868795399315
156,b000e8jlda,http://www.google.com/base/feeds/snippets/14794198635011271295
157,b0002h6x34,http://www.google.com/base/feeds/snippets/4823291609006887387
158,b000e8jl7q,http://www.google.com/base/feeds/snippets/4682448981783641744
159,b000lu89xy,http://www.google.com/base/feeds/snippets/13831527178214062853
160,b000qtu1ay,http://www.google.com/base/feeds/snippets/18391195855196917401
161,b000he35ss,http://www.google.com/base/feeds/snippets/11153480872220659485
162,b000egwc42,http://www.google.com/base/feeds/snippets/18427221955987040627
163,b000ndibnc,http://www.google.com/base/feeds/snippets/16406760233183606059
164,b000cqnjim,http://www.google.com/base/feeds/snippets/10662427062723563235
165,b000h5j4ka,http://www.google.com/base/feeds/snippets/11343247749866294908
166,b000e15nhk,http://www.google.com/base/feeds/snippets/11343247749866294908
167,b000fzz73u,http://www.google.com/base/feeds/snippets/11404711258824251475
168,b000hkpb3e,http://www.google.com/base/feeds/snippets/11022538834870557563
169,b000k7ving,http://www.google.com/base/feeds/snippets/13468530879861986847
170,b000ga99ry,http://www.google.com/base/feeds/snippets/13264093951540339583
171,b000o39u3g,http://www.google.com/base/feeds/snippets/13023052343955574084
172,b0000afu4e,http://www.google.com/base/feeds/snippets/10376000923691891679
173,b000jgw9ae,http://www.google.com/base/feeds/snippets/10471177135649344162
174,b000fzz730,http://www.google.com/base/feeds/snippets/10105070429318394420
175,b000r1g844,http://www.google.com/base/feeds/snippets/13637950682292849732
176,b000ozjtoo,http://www.google.com/base/feeds/snippets/13637950682292849732
177,b000exq2cs,http://www.google.com/base/feeds/snippets/9463842250533836611
178,b000099sie,http://www.google.com/base/feeds/snippets/12471937113581397461
179,b0001wn0li,http://www.google.com/base/feeds/snippets/18379653518269884966
180,b000j6dues,http://www.google.com/base/feeds/snippets/12495037922890432173
181,b0006ni698,http://www.google.com/base/feeds/snippets/11865417944403325412
182,b000he4riu,http://www.google.com/base/feeds/snippets/12068923163500219493
183,b000eplmpi,http://www.google.com/base/feeds/snippets/13683578637114771147
184,b000nknb62,http://www.google.com/base/feeds/snippets/13773294714940805969
185,b000aa8796,http://www.google.com/base/feeds/snippets/13804410937823415271
186,b000frttvy,http://www.google.com/base/feeds/snippets/10497976503252074561
187,b000fzxisg,http://www.google.com/base/feeds/snippets/13727078323480476968
188,b000fzxisg,http://www.google.com/base/feeds/snippets/10282477376383378142
189,b000exw510,http://www.google.com/base/feeds/snippets/9551528510942983552
190,b000fzz76m,http://www.google.com/base/feeds/snippets/9505595690175506725
191,b00062ak2k,http://www.google.com/base/feeds/snippets/18376072611700638452
192,b000eqazb4,http://www.google.com/base/feeds/snippets/12965745281480952652
193,b000kmehha,http://www.google.com/base/feeds/snippets/11463298814554093369
194,b000ndibws,http://www.google.com/base/feeds/snippets/9484979283744840884
195,b000hlp64w,http://www.google.com/base/feeds/snippets/11554840496283672285
196,b000bddf08,http://www.google.com/base/feeds/snippets/11443016597547288676
197,b000evo8h6,http://www.google.com/base/feeds/snippets/18368735287693525011
198,b000lv6pyi,http://www.google.com/base/feeds/snippets/18367889369421729693
199,b00005ld1r,http://www.google.com/base/feeds/snippets/18367097829354438075
200,b0006g2vk0,http://www.google.com/base/feeds/snippets/18365507478568694929
201,b000gkli0a,http://www.google.com/base/feeds/snippets/6426816868919758079
202,b000fbgapi,http://www.google.com/base/feeds/snippets/18364140307508478752
203,b000oziaz8,http://www.google.com/base/feeds/snippets/15207825953028155236
204,b00008mnxr,http://www.google.com/base/feeds/snippets/13582930230756997101
205,b000fnevhk,http://www.google.com/base/feeds/snippets/18358728426530670777
206,b000kg86b4,http://www.google.com/base/feeds/snippets/18360175926672582960
207,b000jx1kma,http://www.google.com/base/feeds/snippets/18356272944058818376
208,b000a6na6a,http://www.google.com/base/feeds/snippets/18355630027419003625
209,b000a3ky4e,http://www.google.com/base/feeds/snippets/18356638685856745200
210,b000aoz7fo,http://www.google.com/base/feeds/snippets/18353566070605982375
211,b0006g2tum,http://www.google.com/base/feeds/snippets/18352674914916743912
212,b000icpfmi,http://www.google.com/base/feeds/snippets/14325412592062687221
213,b0007yepyg,http://www.google.com/base/feeds/snippets/14284530408597272725
214,b00032heyk,http://www.google.com/base/feeds/snippets/14100958400236899770
215,b0000ycfdg,http://www.google.com/base/feeds/snippets/13728717906019565465
216,b0009y6f56,http://www.google.com/base/feeds/snippets/13392915442415544255
217,b000cbn9aa,http://www.google.com/base/feeds/snippets/13143355002649939201
218,b000cpshia,http://www.google.com/base/feeds/snippets/14493833507639383996
219,b000922dwc,http://www.google.com/base/feeds/snippets/15297739858013318917
220,b000ogsgym,http://www.google.com/base/feeds/snippets/15551866173776009457
221,b000b0gzu8,http://www.google.com/base/feeds/snippets/14443748429238960679
222,b000hed3f8,http://www.google.com/base/feeds/snippets/15401280256033043239
223,b00032hey0,http://www.google.com/base/feeds/snippets/13776469109811872414
224,b000bckmaa,http://www.google.com/base/feeds/snippets/13796906802854864998
225,b0002r74a0,http://www.google.com/base/feeds/snippets/18380144380139373224
226,b000nknb44,http://www.google.com/base/feeds/snippets/5978521375376689048
227,b000fkd3cc,http://www.google.com/base/feeds/snippets/18388829675891326365
228,b00030cbu4,http://www.google.com/base/feeds/snippets/18379664802687261824
229,b000ndibh8,http://www.google.com/base/feeds/snippets/2261905427242154693
230,b000euhk3g,http://www.google.com/base/feeds/snippets/14356986779854403622
231,b000krd3bq,http://www.google.com/base/feeds/snippets/10299611596430222322
232,b000krd3bq,http://www.google.com/base/feeds/snippets/17596883596074762243
233,b000ej9w0q,http://www.google.com/base/feeds/snippets/10299611596430222322
234,b000ej9w0q,http://www.google.com/base/feeds/snippets/17596883596074762243
235,b000gwkol2,http://www.google.com/base/feeds/snippets/18376303388125635572
236,b000nvkyse,http://www.google.com/base/feeds/snippets/1492097838915695810
237,b00006rgnx,http://www.google.com/base/feeds/snippets/6732814497585724663
238,b000qctqne,http://www.google.com/base/feeds/snippets/18375765231096501819
239,b000bnkbdm,http://www.google.com/base/feeds/snippets/18374143831267894200
240,b000i84dts,http://www.google.com/base/feeds/snippets/18373254644070862441
241,b000aa87pu,http://www.google.com/base/feeds/snippets/18373688292230003205
242,b000ivkrvs,http://www.google.com/base/feeds/snippets/15664992944977677730
243,b000ozia62,http://www.google.com/base/feeds/snippets/648205874217332044
244,b000lpc8t0,http://www.google.com/base/feeds/snippets/11831542288207686462
245,b000hlt4y0,http://www.google.com/base/feeds/snippets/11831542288207686462
246,b0002c3vqq,http://www.google.com/base/feeds/snippets/18371416588940021581
247,b00009v7hf,http://www.google.com/base/feeds/snippets/18373045261595979693
248,b0007d8esa,http://www.google.com/base/feeds/snippets/18368896632826907002
249,b0006b64v2,http://www.google.com/base/feeds/snippets/18369825056478487049
250,b000qjrska,http://www.google.com/base/feeds/snippets/18371727039035112852
251,b000ov0gao,http://www.google.com/base/feeds/snippets/18371601730045221642
252,b000088ner,http://www.google.com/base/feeds/snippets/4776201646741876078
253,b000088ner,http://www.google.com/base/feeds/snippets/1347968736695236641
254,b0009yx9by,http://www.google.com/base/feeds/snippets/5238862557893361196
255,b000mfgx7w,http://www.google.com/base/feeds/snippets/18416264451031093966
256,b00005op44,http://www.google.com/base/feeds/snippets/18381906790026125106
257,b000emgcxs,http://www.google.com/base/feeds/snippets/18384214908341178781
258,b0001iqnc0,http://www.google.com/base/feeds/snippets/18240279639195527181
259,b0001iqnc0,http://www.google.com/base/feeds/snippets/14425804478665246948
260,b000b6kxfa,http://www.google.com/base/feeds/snippets/8894150903607310427
261,b000bndghk,http://www.google.com/base/feeds/snippets/18427441766979913551
262,b000e8jlas,http://www.google.com/base/feeds/snippets/1532472446439845707
263,b0001h9l5m,http://www.google.com/base/feeds/snippets/15812045656958608251
264,b0009xb12o,http://www.google.com/base/feeds/snippets/18396354299258717606
265,b000i8od4i,http://www.google.com/base/feeds/snippets/18213081663134894535
266,b00004nhn7,http://www.google.com/base/feeds/snippets/18434385825570199468
267,b00062jdka,http://www.google.com/base/feeds/snippets/9616317575612495489
268,b00022ptt8,http://www.google.com/base/feeds/snippets/10568264795540984053
269,b000bwbu6u,http://www.google.com/base/feeds/snippets/6282886480523973402
270,b000bgtv80,http://www.google.com/base/feeds/snippets/11711993756559182415
271,b000bgtv80,http://www.google.com/base/feeds/snippets/10623432141570708774
272,b000ndib6y,http://www.google.com/base/feeds/snippets/11553460726656084647
273,b000ndib6y,http://www.google.com/base/feeds/snippets/13659935621775890962
274,b0001wn0ky,http://www.google.com/base/feeds/snippets/16388256207576026986
275,b000q6zk3a,http://www.google.com/base/feeds/snippets/18371419521576660155
276,b000bhq5jw,http://www.google.com/base/feeds/snippets/18436637620422411542
277,b000hcz8gc,http://www.google.com/base/feeds/snippets/9807438286656285076
278,b000hctyte,http://www.google.com/base/feeds/snippets/7882287499485291732
279,b000bx24o6,http://www.google.com/base/feeds/snippets/14415907760923977024
280,b000bx24o6,http://www.google.com/base/feeds/snippets/17938513699320393589
281,b000mtebtu,http://www.google.com/base/feeds/snippets/7898902077337932386
282,b000hbys5k,http://www.google.com/base/feeds/snippets/5250375660251099807
283,b000hbys5k,http://www.google.com/base/feeds/snippets/13631557261313424700
284,b000h11f9c,http://www.google.com/base/feeds/snippets/18422623903556262295
285,b00008mnxq,http://www.google.com/base/feeds/snippets/18380054536947094037
286,b000hc0lw8,http://www.google.com/base/feeds/snippets/16714036815187031033
287,b000hc0lw8,http://www.google.com/base/feeds/snippets/16573354058682977088
288,b0007lw230,http://www.google.com/base/feeds/snippets/17298610841039937504
289,b0007lw230,http://www.google.com/base/feeds/snippets/10628460274071713512
290,b0007lw230,http://www.google.com/base/feeds/snippets/10595032077010116055
291,b0007lw23a,http://www.google.com/base/feeds/snippets/11630432614273539055
292,b0007lw23a,http://www.google.com/base/feeds/snippets/3045238811380824044
293,b0007lw23a,http://www.google.com/base/feeds/snippets/9643223122893875320
294,b000hbxjxc,http://www.google.com/base/feeds/snippets/11125907881740407428
295,b000hbxjxc,http://www.google.com/base/feeds/snippets/11409582066977374017
296,b000pdnhno,http://www.google.com/base/feeds/snippets/12311932123270766595
297,b000pdnhno,http://www.google.com/base/feeds/snippets/17070501717470514063
298,b000hcz8ey,http://www.google.com/base/feeds/snippets/11114112522015930440
299,b0007lw22g,http://www.google.com/base/feeds/snippets/10849068506859926430
300,b0007lw22g,http://www.google.com/base/feeds/snippets/18398718226932431716
301,b0007lw22g,http://www.google.com/base/feeds/snippets/4539901557040997564
302,b000ndib7s,http://www.google.com/base/feeds/snippets/3473826515983580841
303,b00022ptru,http://www.google.com/base/feeds/snippets/8761785470712681109
304,b000hcxklc,http://www.google.com/base/feeds/snippets/9255722138583214734
305,b000hbvvg4,http://www.google.com/base/feeds/snippets/4699273716641936158
306,b000hcv1ky,http://www.google.com/base/feeds/snippets/16905793691117512235
307,b000bgpqr0,http://www.google.com/base/feeds/snippets/12737245292905990966
308,b0007iqg3a,http://www.google.com/base/feeds/snippets/16894460490935798232
309,b000bknncq,http://www.google.com/base/feeds/snippets/10004325115759097777
310,b000ogsyk8,http://www.google.com/base/feeds/snippets/391160076939023566
311,b0008ewsf8,http://www.google.com/base/feeds/snippets/10087092539211280139
312,b000ndid26,http://www.google.com/base/feeds/snippets/5673733196767057398
313,b000h16p9m,http://www.google.com/base/feeds/snippets/3846293022585027470
314,b000ndid62,http://www.google.com/base/feeds/snippets/14736350815466474940
315,b000ndibvo,http://www.google.com/base/feeds/snippets/5767845185221029524
316,b0008glgrm,http://www.google.com/base/feeds/snippets/4178014773187756948
317,b000k2t0ou,http://www.google.com/base/feeds/snippets/13916432686331461255
318,b0009qvgeo,http://www.google.com/base/feeds/snippets/17491282253363994324
319,b0009qvgeo,http://www.google.com/base/feeds/snippets/10895411331126528294
320,b000hcz8gm,http://www.google.com/base/feeds/snippets/13673799320876526338
321,b000ndid4y,http://www.google.com/base/feeds/snippets/18383405503824080160
322,b000dinb4g,http://www.google.com/base/feeds/snippets/18414778073602422524
323,b000dinb4g,http://www.google.com/base/feeds/snippets/13769671790180310327
324,b000h14rr4,http://www.google.com/base/feeds/snippets/12837108039205076533
325,b000h14rr4,http://www.google.com/base/feeds/snippets/10426833843056008758
326,b000hcvr1m,http://www.google.com/base/feeds/snippets/12219649046294237633
327,b000k2nkua,http://www.google.com/base/feeds/snippets/8251934342990013076
328,b000hbxjve,http://www.google.com/base/feeds/snippets/17956249157120493393
329,b0009yn1rq,http://www.google.com/base/feeds/snippets/8664755713112971171
330,b0008glghc,http://www.google.com/base/feeds/snippets/2838840999646798655
331,b000ehs6ic,http://www.google.com/base/feeds/snippets/9897777989987457856
332,b000ehs6ic,http://www.google.com/base/feeds/snippets/3377135321507891586
333,b000hctysa,http://www.google.com/base/feeds/snippets/13321642681501377375
334,b000hctysa,http://www.google.com/base/feeds/snippets/12116763117328044444
335,b000hbxjuk,http://www.google.com/base/feeds/snippets/15555806239483804720
336,b000hcvr5s,http://www.google.com/base/feeds/snippets/12218017436042377109
337,b000ndible,http://www.google.com/base/feeds/snippets/790771655328756919
338,b000h16p9w,http://www.google.com/base/feeds/snippets/12831181740691949409
339,b000h16p9w,http://www.google.com/base/feeds/snippets/10330893806550846255
340,b000bwzxk4,http://www.google.com/base/feeds/snippets/8498979351589060419
341,b000o26lo8,http://www.google.com/base/feeds/snippets/7972469902462196789
342,b000ndibe6,http://www.google.com/base/feeds/snippets/9761533219806554318
343,b000dn7k8y,http://www.google.com/base/feeds/snippets/17723708447447202259
344,b000cs3s2m,http://www.google.com/base/feeds/snippets/17504372812251027705
345,b00005wf9v,http://www.google.com/base/feeds/snippets/16689580885336652505
346,b000ndibri,http://www.google.com/base/feeds/snippets/3607173973836413689
347,b000ndibri,http://www.google.com/base/feeds/snippets/222400256379219119
348,b0001an1n2,http://www.google.com/base/feeds/snippets/14758105640999079833
349,b0008glg1i,http://www.google.com/base/feeds/snippets/65639973300118271
350,b0008glg1i,http://www.google.com/base/feeds/snippets/1496374872690142682
351,b00001xdw7,http://www.google.com/base/feeds/snippets/10541632718220382972
352,b000o27qfq,http://www.google.com/base/feeds/snippets/14054232840925252286
353,b000j1cit6,http://www.google.com/base/feeds/snippets/7937630813831495909
354,b0001wn1fs,http://www.google.com/base/feeds/snippets/11687167580478628748
355,b0001wn1a8,http://www.google.com/base/feeds/snippets/8324654787720267662
356,b000aa87go,http://www.google.com/base/feeds/snippets/1803780371601211439
357,b000h16pag,http://www.google.com/base/feeds/snippets/17570801106897429429
358,b000h16pag,http://www.google.com/base/feeds/snippets/3192985906364439341
359,b0001gu7di,http://www.google.com/base/feeds/snippets/1035187390817409083
360,b000hbxjt6,http://www.google.com/base/feeds/snippets/18387306349260922373
361,b000fis8ew,http://www.google.com/base/feeds/snippets/18361636558506127089
362,b000hcz9ac,http://www.google.com/base/feeds/snippets/18394964067436310447
363,b0000als2s,http://www.google.com/base/feeds/snippets/17832927937923546408
364,b0001av65w,http://www.google.com/base/feeds/snippets/18312853825749428303
365,b000ofnrhy,http://www.google.com/base/feeds/snippets/9526578983773698753
366,b000ofnrhy,http://www.google.com/base/feeds/snippets/5098650180744423847
367,b000ofnrhy,http://www.google.com/base/feeds/snippets/6968597519129780490
368,b000ofnrhy,http://www.google.com/base/feeds/snippets/10453015417098446087
369,b0001nm7zm,http://www.google.com/base/feeds/snippets/8829327324895223617
370,b0000696oh,http://www.google.com/base/feeds/snippets/18180725296745787083
371,b000bi8m2e,http://www.google.com/base/feeds/snippets/9000601847258285543
372,b0009n4gx0,http://www.google.com/base/feeds/snippets/8968352871606641625
373,b000ezp0n8,http://www.google.com/base/feeds/snippets/17907379108807127194
374,b00030iej6,http://www.google.com/base/feeds/snippets/7742313617688572944
375,b000cfx744,http://www.google.com/base/feeds/snippets/17911312393691300802
376,b000k2pa3a,http://www.google.com/base/feeds/snippets/11972925909028080525
377,b00022pti4,http://www.google.com/base/feeds/snippets/7739419455751524618
378,b00022pti4,http://www.google.com/base/feeds/snippets/16729750960777382226
379,b000jx7g3c,http://www.google.com/base/feeds/snippets/17886724437749928713
380,b000h1xy3m,http://www.google.com/base/feeds/snippets/17896835956549874370
381,b000bckm7i,http://www.google.com/base/feeds/snippets/7704167897291051109
382,b000bckm7i,http://www.google.com/base/feeds/snippets/13540884315258409885
383,b000k5uxys,http://www.google.com/base/feeds/snippets/5935343405881149008
384,b000ecqxjq,http://www.google.com/base/feeds/snippets/5615075942724114350
385,b000ecqxjq,http://www.google.com/base/feeds/snippets/16899532838792786499
386,b000ndicpy,http://www.google.com/base/feeds/snippets/4287560991242110323
387,b000ndicpy,http://www.google.com/base/feeds/snippets/13125236767288549966
388,b00078x3hm,http://www.google.com/base/feeds/snippets/5707639507589635432
389,b0002nt5ho,http://www.google.com/base/feeds/snippets/5527718669808727624
390,b000ivl050,http://www.google.com/base/feeds/snippets/17758143132560820340
391,b000cnf014,http://www.google.com/base/feeds/snippets/17760107129811199554
392,b000ivjsb8,http://www.google.com/base/feeds/snippets/17787032142812456248
393,b000he39mk,http://www.google.com/base/feeds/snippets/17771223071817478541
394,b000csralc,http://www.google.com/base/feeds/snippets/17802084899902028186
395,b000piht7e,http://www.google.com/base/feeds/snippets/17817863026849640364
396,b000i8od5w,http://www.google.com/base/feeds/snippets/17828266310377038415
397,b000bs2vzs,http://www.google.com/base/feeds/snippets/10956401022937572078
398,b000nlwxii,http://www.google.com/base/feeds/snippets/18046511712294457433
399,b00002s75b,http://www.google.com/base/feeds/snippets/18029245320668853953
400,b000io79mu,http://www.google.com/base/feeds/snippets/17943553623332924825
401,b000pijszk,http://www.google.com/base/feeds/snippets/18054567164113625813
402,b000ub6avc,http://www.google.com/base/feeds/snippets/7795796130761039507
403,b00008mnxz,http://www.google.com/base/feeds/snippets/18389048469504944658
404,b00008mnxz,http://www.google.com/base/feeds/snippets/9445487736380311288
405,b000o39yge,http://www.google.com/base/feeds/snippets/17936351408567096042
406,b000gcd73y,http://www.google.com/base/feeds/snippets/18135578158357182921
407,b000jx5ppi,http://www.google.com/base/feeds/snippets/18113699401844993243
408,b000b676fa,http://www.google.com/base/feeds/snippets/17982318849719467269
409,b0002iwyke,http://www.google.com/base/feeds/snippets/10827782844634609439
410,b000egidpo,http://www.google.com/base/feeds/snippets/18000939542340526750
411,b000mgvnks,http://www.google.com/base/feeds/snippets/10851688356333529622
412,b000ml8d5q,http://www.google.com/base/feeds/snippets/18003213870869015246
413,b000bcdrdo,http://www.google.com/base/feeds/snippets/18395874674910243298
414,b000bcdrdo,http://www.google.com/base/feeds/snippets/9984474904568818121
415,b000olsreg,http://www.google.com/base/feeds/snippets/17966566453322835928
416,b00007bguc,http://www.google.com/base/feeds/snippets/17967569973770560353
417,b00001qgvr,http://www.google.com/base/feeds/snippets/17956725325082284641
418,b000mg2kpk,http://www.google.com/base/feeds/snippets/3907261301303045278
419,b0007yepx2,http://www.google.com/base/feeds/snippets/17962667015870936885
420,b000r1cs5w,http://www.google.com/base/feeds/snippets/17872821788401002421
421,b000o39tgo,http://www.google.com/base/feeds/snippets/17939626833908573527
422,b000o39tgo,http://www.google.com/base/feeds/snippets/11742689310169054682
423,b000gw55es,http://www.google.com/base/feeds/snippets/7744548491761569898
424,b0007znn48,http://www.google.com/base/feeds/snippets/7744305702477366904
425,b000s5x3q0,http://www.google.com/base/feeds/snippets/17919905528679711200
426,b000bi641a,http://www.google.com/base/feeds/snippets/8050920942672245174
427,b000p5in5e,http://www.google.com/base/feeds/snippets/17334196774609191985
428,b0001ipy66,http://www.google.com/base/feeds/snippets/17321125761149481127
429,b00074dy8e,http://www.google.com/base/feeds/snippets/3528611718110158975
430,b000tl4qb4,http://www.google.com/base/feeds/snippets/1949229857064458441
431,b000jx5jnq,http://www.google.com/base/feeds/snippets/17303242525950545639
432,b000exw524,http://www.google.com/base/feeds/snippets/1936516034668822172
433,b000q71qqy,http://www.google.com/base/feeds/snippets/17293813878683470763
434,b0002ce0v6,http://www.google.com/base/feeds/snippets/17297585967951704634
435,b000h69szu,http://www.google.com/base/feeds/snippets/15544999546747963941
436,b000ftpmc2,http://www.google.com/base/feeds/snippets/1766122214269018147
437,b000qfrt4o,http://www.google.com/base/feeds/snippets/17229680859570691562
438,b000bndgzw,http://www.google.com/base/feeds/snippets/6327594211039677778
439,b000fovsha,http://www.google.com/base/feeds/snippets/17285189275812329124
440,b000i8thy4,http://www.google.com/base/feeds/snippets/17810980474859468457
441,b00009nfc1,http://www.google.com/base/feeds/snippets/4441393199380874556
442,b000sqnbp2,http://www.google.com/base/feeds/snippets/18309926777977827139
443,b000nkpf7u,http://www.google.com/base/feeds/snippets/18308374908816476565
444,b000h6d2do,http://www.google.com/base/feeds/snippets/9639435771556038530
445,b000ov404w,http://www.google.com/base/feeds/snippets/18304611545439824631
446,b00076ywii,http://www.google.com/base/feeds/snippets/17407485579094223073
447,b00062uji0,http://www.google.com/base/feeds/snippets/2604592440966815556
448,b00062uji0,http://www.google.com/base/feeds/snippets/2644254417608822315
449,b000bcicr0,http://www.google.com/base/feeds/snippets/17392222800642377551
450,b000ujw3ss,http://www.google.com/base/feeds/snippets/3469210017983673758
451,b000rlnqcq,http://www.google.com/base/feeds/snippets/17395564824016755724
452,b000a2zlam,http://www.google.com/base/feeds/snippets/1904648546294590301
453,b000fem8ew,http://www.google.com/base/feeds/snippets/17375915846745821199
454,b000cco5wa,http://www.google.com/base/feeds/snippets/18260252787140686571
455,b00027eqmy,http://www.google.com/base/feeds/snippets/2460101921085498175
456,b0009gd0km,http://www.google.com/base/feeds/snippets/17374298119474236406
457,b000cabe4y,http://www.google.com/base/feeds/snippets/2462325488620129357
458,b0006a5iwe,http://www.google.com/base/feeds/snippets/2275328841264109872
459,b000ixvqk2,http://www.google.com/base/feeds/snippets/2284241765475162173
460,b000fjs8sc,http://www.google.com/base/feeds/snippets/65578552457551022
461,b000p49vis,http://www.google.com/base/feeds/snippets/17360430673200796553
462,b000egoe9s,http://www.google.com/base/feeds/snippets/450727896245374226
463,b00081i6ji,http://www.google.com/base/feeds/snippets/18411096849519146392
464,b000h25yoi,http://www.google.com/base/feeds/snippets/17357728675180341663
465,b0000vmim2,http://www.google.com/base/feeds/snippets/17335686828900761528
466,b0000vmim2,http://www.google.com/base/feeds/snippets/15283790763832398825
467,b000ndib82,http://www.google.com/base/feeds/snippets/4058027556169196919
468,b000lrdlia,http://www.google.com/base/feeds/snippets/4142751275091158911
469,b000lrdlia,http://www.google.com/base/feeds/snippets/13830033675761129549
470,b00007eegy,http://www.google.com/base/feeds/snippets/3997486488729671932
471,b000gcgqd2,http://www.google.com/base/feeds/snippets/6490413833919329208
472,b000gcgqd2,http://www.google.com/base/feeds/snippets/13759883185832377445
473,b0001g6q2e,http://www.google.com/base/feeds/snippets/6607475390801476875
474,b000csramg,http://www.google.com/base/feeds/snippets/7150077051864937455
475,b000qclgqo,http://www.google.com/base/feeds/snippets/6176694480450258174
476,b000eiau3u,http://www.google.com/base/feeds/snippets/18396389648150219430
477,b000a2aknu,http://www.google.com/base/feeds/snippets/5520835678868977029
478,b000mu6mve,http://www.google.com/base/feeds/snippets/5562499905130838466
479,b000edgo2q,http://www.google.com/base/feeds/snippets/7147648211015076337
480,b0002itt84,http://www.google.com/base/feeds/snippets/5505866551596188643
481,b000e6mjig,http://www.google.com/base/feeds/snippets/4549566074000049896
482,b0000c7gep,http://www.google.com/base/feeds/snippets/18343959075631403504
483,b0000c7gep,http://www.google.com/base/feeds/snippets/18433413888105089937
484,b000v05f4k,http://www.google.com/base/feeds/snippets/18304228419567401310
485,b000bt559q,http://www.google.com/base/feeds/snippets/3137318477096164629
486,b000g6gn2m,http://www.google.com/base/feeds/snippets/4436087621332035022
487,b000edvrtq,http://www.google.com/base/feeds/snippets/14326164391298371952
488,b000aa878m,http://www.google.com/base/feeds/snippets/14837029540644805566
489,b0002al1z6,http://www.google.com/base/feeds/snippets/15577341303347278445
490,b000ep3gei,http://www.google.com/base/feeds/snippets/4837330611493150937
491,b00009v3nw,http://www.google.com/base/feeds/snippets/16452108546715101414
492,b0000vyk1o,http://www.google.com/base/feeds/snippets/17409160117322953940
493,b000ep8oju,http://www.google.com/base/feeds/snippets/17530305432950801722
494,b000ecyp0k,http://www.google.com/base/feeds/snippets/3704829860217910239
495,b000ndib8m,http://www.google.com/base/feeds/snippets/2927219174769865115
496,b000ndib8m,http://www.google.com/base/feeds/snippets/10834301366840736522
497,b0002oqy1i,http://www.google.com/base/feeds/snippets/15832790434131694955
498,b000i8od48,http://www.google.com/base/feeds/snippets/3626343668255224722
499,b000dz9yoa,http://www.google.com/base/feeds/snippets/5216541735240789992
500,b0007sxgn8,http://www.google.com/base/feeds/snippets/13588549604733030954
501,b000h27psq,http://www.google.com/base/feeds/snippets/13799844440134110129
502,b000h241zg,http://www.google.com/base/feeds/snippets/18399328874850787866
503,b000h241zg,http://www.google.com/base/feeds/snippets/11611566315397308287
504,b0001wn18u,http://www.google.com/base/feeds/snippets/664913958514106734
505,b000om8fba,http://www.google.com/base/feeds/snippets/10686405526722482213
506,b000hhzie4,http://www.google.com/base/feeds/snippets/11038012533329162078
507,b000ra5bl6,http://www.google.com/base/feeds/snippets/14007011703509063417
508,b000ra5bmk,http://www.google.com/base/feeds/snippets/16908015325729489564
509,b000hjott2,http://www.google.com/base/feeds/snippets/16558385795268912766
510,b000exs47y,http://www.google.com/base/feeds/snippets/16633280530608162098
511,b0009yx9bo,http://www.google.com/base/feeds/snippets/18395787464051623418
512,b0009yx9bo,http://www.google.com/base/feeds/snippets/14640507864355837784
513,b000jx1kdy,http://www.google.com/base/feeds/snippets/13499930330802525158
514,b000h229d2,http://www.google.com/base/feeds/snippets/14928650794745636736
515,b000lu89uc,http://www.google.com/base/feeds/snippets/13380169193455086942
516,b000hhvb2w,http://www.google.com/base/feeds/snippets/17476622898499473532
517,b000hhvb2w,http://www.google.com/base/feeds/snippets/16674697281415587384
518,b000fbgaia,http://www.google.com/base/feeds/snippets/30822033968544493
519,b00068u7ww,http://www.google.com/base/feeds/snippets/13815055497602261010
520,b0007sxglk,http://www.google.com/base/feeds/snippets/17762641182538089473
521,b0007sxglk,http://www.google.com/base/feeds/snippets/18405058220481329541
522,b0007sxglk,http://www.google.com/base/feeds/snippets/12109861711097484827
523,b0006nkbn2,http://www.google.com/base/feeds/snippets/8709560014305112537
524,b0006nkbn2,http://www.google.com/base/feeds/snippets/13986409474793202514
525,b00019jgwi,http://www.google.com/base/feeds/snippets/407742822135371560
526,b0001xnkp8,http://www.google.com/base/feeds/snippets/12656847251589121665
527,b000ndibjq,http://www.google.com/base/feeds/snippets/14812439490848045578
528,b000i0bp6k,http://www.google.com/base/feeds/snippets/10110199435466109569
529,b0007sxgmo,http://www.google.com/base/feeds/snippets/12250274471957898660
530,b000bc38o2,http://www.google.com/base/feeds/snippets/12383342975629473219
531,b000eqy0ss,http://www.google.com/base/feeds/snippets/17149948893700452737
532,b000hlp5yi,http://www.google.com/base/feeds/snippets/9785861434635986999
533,b000hhvb9k,http://www.google.com/base/feeds/snippets/9852496278444342781
534,b000h241x8,http://www.google.com/base/feeds/snippets/13278655414642608462
535,b0000azk3v,http://www.google.com/base/feeds/snippets/8506958797516287357
536,b0000azk3v,http://www.google.com/base/feeds/snippets/5449819493015414043
537,b0000azvvs,http://www.google.com/base/feeds/snippets/5310740648374994867
538,b0000azvvs,http://www.google.com/base/feeds/snippets/2914315195947217599
539,b0006b6b1a,http://www.google.com/base/feeds/snippets/18378422702839985200
540,b00007kh02,http://www.google.com/base/feeds/snippets/4749954713094759082
541,b00007kh02,http://www.google.com/base/feeds/snippets/7249154325906371083
542,b000barbaq,http://www.google.com/base/feeds/snippets/124870490385972224
543,b000frqfe8,http://www.google.com/base/feeds/snippets/4450102625152904120
544,b000frqfe8,http://www.google.com/base/feeds/snippets/13703162595446844265
545,b0007l9ecw,http://www.google.com/base/feeds/snippets/5363123129666342202
546,b000b6oboy,http://www.google.com/base/feeds/snippets/12643092178258671772
547,b000cik6rc,http://www.google.com/base/feeds/snippets/18100341066456401733
548,b0001wn0sq,http://www.google.com/base/feeds/snippets/7946849252371593289
549,b000h5fo8g,http://www.google.com/base/feeds/snippets/16987363527577090531
550,b000e13es0,http://www.google.com/base/feeds/snippets/16987363527577090531
551,b000mti8mq,http://www.google.com/base/feeds/snippets/5408845339376590167
552,b000fn6c2c,http://www.google.com/base/feeds/snippets/7893604833764557727
553,b000abapo0,http://www.google.com/base/feeds/snippets/2284939042076115226
554,b000tilkq6,http://www.google.com/base/feeds/snippets/5964541247628078613
555,b000nvspyo,http://www.google.com/base/feeds/snippets/17346668920138765245
556,b00013wh0w,http://www.google.com/base/feeds/snippets/341468719852005595
557,b00013wh0w,http://www.google.com/base/feeds/snippets/10202903815808902868
558,b00006gxbz,http://www.google.com/base/feeds/snippets/9070775827291844765
559,b00006gxbz,http://www.google.com/base/feeds/snippets/3767792591229692245
560,b00006gxbz,http://www.google.com/base/feeds/snippets/6859916462314032120
561,b000ndichc,http://www.google.com/base/feeds/snippets/13807405031002803472
562,b000l1phg0,http://www.google.com/base/feeds/snippets/18394332776181186072
563,b000l1phg0,http://www.google.com/base/feeds/snippets/11954719051240282085
564,b000a7q6n8,http://www.google.com/base/feeds/snippets/13561687450780175373
565,b000a7q6n8,http://www.google.com/base/feeds/snippets/9575830162604297862
566,b000g3mer8,http://www.google.com/base/feeds/snippets/9342175169264415955
567,b000g3mer8,http://www.google.com/base/feeds/snippets/13255609368261584070
568,b000nknb8k,http://www.google.com/base/feeds/snippets/17333018247606173982
569,b000jf5zec,http://www.google.com/base/feeds/snippets/13629768701500088491
570,b000jf5zec,http://www.google.com/base/feeds/snippets/13368045031336320583
571,b000fvqo0o,http://www.google.com/base/feeds/snippets/4025192676992669735
572,b000fvqo0o,http://www.google.com/base/feeds/snippets/2209370345378693785
573,b000fncrto,http://www.google.com/base/feeds/snippets/9167720084838534914
574,b000mmt6s8,http://www.google.com/base/feeds/snippets/2066161709446383266
575,b000v7v2uo,http://www.google.com/base/feeds/snippets/18218026817519050250
576,b0009afff6,http://www.google.com/base/feeds/snippets/9757350103424139605
577,b000qeitty,http://www.google.com/base/feeds/snippets/14918356353168654855
578,b000mz7c36,http://www.google.com/base/feeds/snippets/1209717630190599142
579,b000m2yc32,http://www.google.com/base/feeds/snippets/10248910023220043204
580,b000e3e2km,http://www.google.com/base/feeds/snippets/17330505621209587005
581,b0007lw22q,http://www.google.com/base/feeds/snippets/10939909441298262260
582,b0007lw22q,http://www.google.com/base/feeds/snippets/16090908477278345856
583,b0007zf3ge,http://www.google.com/base/feeds/snippets/10244573068939530333
584,b00097alks,http://www.google.com/base/feeds/snippets/4522979894661726264
585,b000rgxto6,http://www.google.com/base/feeds/snippets/18107239556630917796
586,b000099108,http://www.google.com/base/feeds/snippets/18105761375553744131
587,b000mz7c2w,http://www.google.com/base/feeds/snippets/15648850844085647958
588,b000lu89yi,http://www.google.com/base/feeds/snippets/18089023914130738551
589,b00004ochj,http://www.google.com/base/feeds/snippets/5722368875390495429
590,b0009jhv1s,http://www.google.com/base/feeds/snippets/18080236342166120371
591,b000b5rweg,http://www.google.com/base/feeds/snippets/18360660165216793779
592,b0008glgmc,http://www.google.com/base/feeds/snippets/11641601394104549163
593,b0008glgmc,http://www.google.com/base/feeds/snippets/11616731797055705273
594,b000g7wses,http://www.google.com/base/feeds/snippets/18073883319223617218
595,b000e3c6c8,http://www.google.com/base/feeds/snippets/17693391962532243349
596,b000kjzigw,http://www.google.com/base/feeds/snippets/18055289311900407768
597,b000ph8xs4,http://www.google.com/base/feeds/snippets/8417237654939994137
598,b000o3bgh4,http://www.google.com/base/feeds/snippets/5477812729338266692
599,b000hed3fi,http://www.google.com/base/feeds/snippets/5655410586169835557
600,b000b6n2lw,http://www.google.com/base/feeds/snippets/18382903514613113420
601,b000b6n2lw,http://www.google.com/base/feeds/snippets/4747185109584668947
602,b000ogsyjy,http://www.google.com/base/feeds/snippets/16579315096492817894
603,b000ogsyjy,http://www.google.com/base/feeds/snippets/2253075076541338967
604,b000068u3h,http://www.google.com/base/feeds/snippets/11635339528486156141
605,b0006513tg,http://www.google.com/base/feeds/snippets/5781318040297863663
606,b000kmehfw,http://www.google.com/base/feeds/snippets/18362060657249986591
607,b000hlp5wa,http://www.google.com/base/feeds/snippets/8519495523069900652
608,b000hi1i9c,http://www.google.com/base/feeds/snippets/8050702989930375401
609,b000bgpqos,http://www.google.com/base/feeds/snippets/11029185598470444071
610,b0000c6eol,http://www.google.com/base/feeds/snippets/10445277524546945239
611,b000ogsgzq,http://www.google.com/base/feeds/snippets/8589080476501847235
612,b000ogsgzq,http://www.google.com/base/feeds/snippets/18053677474084218860
613,b000jx1kgq,http://www.google.com/base/feeds/snippets/18234349657423202538
614,b000s604de,http://www.google.com/base/feeds/snippets/18240281005302874979
615,b000egmaj4,http://www.google.com/base/feeds/snippets/7247732872667648705
616,b000h25yr0,http://www.google.com/base/feeds/snippets/18264562147667335719
617,b000m6xk4k,http://www.google.com/base/feeds/snippets/7516347790713287981
618,b000qxd2tc,http://www.google.com/base/feeds/snippets/7653075580455328736
619,b000saufbg,http://www.google.com/base/feeds/snippets/18225778049143407208
620,b000fngzs8,http://www.google.com/base/feeds/snippets/3518997692511645502
621,b000b6n2m6,http://www.google.com/base/feeds/snippets/12929795214910360357
622,b000b6n2m6,http://www.google.com/base/feeds/snippets/9246547342017279002
623,b000io799i,http://www.google.com/base/feeds/snippets/18226456193742595288
624,b000ik414i,http://www.google.com/base/feeds/snippets/16073556725854260285
625,b000hlt5g2,http://www.google.com/base/feeds/snippets/3274305083856247424
626,b0009suw4w,http://www.google.com/base/feeds/snippets/18425416409544307946
627,b0009suw4w,http://www.google.com/base/feeds/snippets/4325793427900176296
628,b000mgo1r0,http://www.google.com/base/feeds/snippets/10555450463385817719
629,b00007e8bi,http://www.google.com/base/feeds/snippets/18286585073343765950
630,b000ndibkk,http://www.google.com/base/feeds/snippets/4247841323668156699
631,b0008g2bvm,http://www.google.com/base/feeds/snippets/18275035621919457369
632,b000cp4ja0,http://www.google.com/base/feeds/snippets/3040037286169376262
633,b0009yegpc,http://www.google.com/base/feeds/snippets/18259447335875519213
634,b0009yegpc,http://www.google.com/base/feeds/snippets/13834985344480832776
635,b000hhxevi,http://www.google.com/base/feeds/snippets/2710470763365986624
636,b0007r7e7i,http://www.google.com/base/feeds/snippets/18118065911754783035
637,b000bnjmnc,http://www.google.com/base/feeds/snippets/2723560865541859631
638,b000o3ek2m,http://www.google.com/base/feeds/snippets/18295506345742178609
639,b000egidue,http://www.google.com/base/feeds/snippets/18264347410665748173
640,b000p4tc82,http://www.google.com/base/feeds/snippets/18172308291108986699
641,b000h24200,http://www.google.com/base/feeds/snippets/4675262861576384624
642,b000q1pyv8,http://www.google.com/base/feeds/snippets/18171290245464117932
643,b000hpjgw6,http://www.google.com/base/feeds/snippets/4250686295132810758
644,b000mgo5bw,http://www.google.com/base/feeds/snippets/9250111493808447085
645,b000ra77bs,http://www.google.com/base/feeds/snippets/4432724463066898018
646,b000jh7c6y,http://www.google.com/base/feeds/snippets/18159360858957097495
647,b000ndicze,http://www.google.com/base/feeds/snippets/17511510969143463932
648,b000ndicze,http://www.google.com/base/feeds/snippets/15315731988494931444
649,b0002z8a1o,http://www.google.com/base/feeds/snippets/18163685181387991761
650,b000exw51k,http://www.google.com/base/feeds/snippets/18190434268931466210
651,b000exw51k,http://www.google.com/base/feeds/snippets/6804198758936861643
652,b000hi1i6u,http://www.google.com/base/feeds/snippets/3752772644614152917
653,b000jiqlxi,http://www.google.com/base/feeds/snippets/18151952927255406461
654,b000om7diq,http://www.google.com/base/feeds/snippets/17708766593513600591
655,b000om7diq,http://www.google.com/base/feeds/snippets/5216140459207502478
656,b000om7diq,http://www.google.com/base/feeds/snippets/11294551601294188336
657,b000o3bge2,http://www.google.com/base/feeds/snippets/3594701920411099396
658,b0009dxjuq,http://www.google.com/base/feeds/snippets/16790631679419428442
659,b000b63xha,http://www.google.com/base/feeds/snippets/14798220155665223365
660,b000v7rij8,http://www.google.com/base/feeds/snippets/16778737466501327415
661,b000e2d3lc,http://www.google.com/base/feeds/snippets/16769449274864717899
662,b000fzxipo,http://www.google.com/base/feeds/snippets/16630396354315555450
663,b000fzxipo,http://www.google.com/base/feeds/snippets/12453672105653412076
664,b000b57k4s,http://www.google.com/base/feeds/snippets/16798783463218493349
665,b000hedyio,http://www.google.com/base/feeds/snippets/16622880533554607802
666,b000pg7ha0,http://www.google.com/base/feeds/snippets/15026147703472509135
667,b0000vmimw,http://www.google.com/base/feeds/snippets/18364436159487312703
668,b000ehs6h8,http://www.google.com/base/feeds/snippets/4818950838228892044
669,b000i4rmfe,http://www.google.com/base/feeds/snippets/14007006525589850325
670,b000ar96bm,http://www.google.com/base/feeds/snippets/16873990150005697074
671,b000e8rdrq,http://www.google.com/base/feeds/snippets/890958699191814692
672,b000b5srju,http://www.google.com/base/feeds/snippets/16872612252422367466
673,b000ehs6gy,http://www.google.com/base/feeds/snippets/14188088676549374410
674,b000g80lku,http://www.google.com/base/feeds/snippets/16862951998092117648
675,b000pienlo,http://www.google.com/base/feeds/snippets/16974008974544976244
676,b000pienlo,http://www.google.com/base/feeds/snippets/17138232112312322851
677,b000szzpi4,http://www.google.com/base/feeds/snippets/17036928989465404370
678,b000ro5o7s,http://www.google.com/base/feeds/snippets/12991998923940483779
679,b000ro5o7s,http://www.google.com/base/feeds/snippets/7129140322149464777
680,b000jlj0cy,http://www.google.com/base/feeds/snippets/16827217446944316033
681,b00005birs,http://www.google.com/base/feeds/snippets/16816523477506304009
682,b000fn6cf4,http://www.google.com/base/feeds/snippets/8110280389757211340
683,b0006ma3bs,http://www.google.com/base/feeds/snippets/16814254064816255791
684,b0001gu7jc,http://www.google.com/base/feeds/snippets/17037106486883484113
685,b000k7vio0,http://www.google.com/base/feeds/snippets/9592753698712041843
686,b0000899lt,http://www.google.com/base/feeds/snippets/16676630267570211401
687,b000brczzk,http://www.google.com/base/feeds/snippets/15013560737417394943
688,b0001d56uu,http://www.google.com/base/feeds/snippets/18039361276696190381
689,b000brm3xe,http://www.google.com/base/feeds/snippets/18396085441922746096
690,b000brm3xe,http://www.google.com/base/feeds/snippets/7181709960017015550
691,b000rlqnr6,http://www.google.com/base/feeds/snippets/16687635820409313347
692,b000gbukgm,http://www.google.com/base/feeds/snippets/11524039735478682676
693,b000gbukgm,http://www.google.com/base/feeds/snippets/2448830856693653081
694,b000nknb26,http://www.google.com/base/feeds/snippets/16685945982481680279
695,b000nknb26,http://www.google.com/base/feeds/snippets/18407763828897928168
696,b0002fgfiy,http://www.google.com/base/feeds/snippets/16668702350993735780
697,b000trgqqg,http://www.google.com/base/feeds/snippets/16874485945364761422
698,b0007yepxc,http://www.google.com/base/feeds/snippets/16647647854444612501
699,b000090179,http://www.google.com/base/feeds/snippets/17953929889613420408
700,b000090179,http://www.google.com/base/feeds/snippets/4323218411575640054
701,b000090179,http://www.google.com/base/feeds/snippets/16002979675138477406
702,b000090179,http://www.google.com/base/feeds/snippets/9700384320550908183
703,b0009jhv5e,http://www.google.com/base/feeds/snippets/16721626632033099240
704,b000787g6q,http://www.google.com/base/feeds/snippets/14035761522429892531
705,b00024wjrq,http://www.google.com/base/feeds/snippets/16744224390148606478
706,b000n28264,http://www.google.com/base/feeds/snippets/9029807166568270057
707,b000nkklwe,http://www.google.com/base/feeds/snippets/16700933768709687512
708,b00076ywj2,http://www.google.com/base/feeds/snippets/12002408855288739955
709,b000a40w4a,http://www.google.com/base/feeds/snippets/16720347622986234211
710,b000licg1m,http://www.google.com/base/feeds/snippets/6070036801370348429
711,b000eg6d5q,http://www.google.com/base/feeds/snippets/16690738478999740250
712,b0001xngz2,http://www.google.com/base/feeds/snippets/5836713568200382986
713,b000hbysf0,http://www.google.com/base/feeds/snippets/9117876336691363711
714,b000f7gysa,http://www.google.com/base/feeds/snippets/16702887737767240197
715,b000099107,http://www.google.com/base/feeds/snippets/16698946140878275557
716,b000hjdpx8,http://www.google.com/base/feeds/snippets/1829125396804686622
717,b000in6trc,http://www.google.com/base/feeds/snippets/6874875179525744781
718,b000bu7u48,http://www.google.com/base/feeds/snippets/16694806128312036500
719,b000fowht8,http://www.google.com/base/feeds/snippets/17133221075889749370
720,b000eqieik,http://www.google.com/base/feeds/snippets/8261805484012687318
721,b0001fyrq2,http://www.google.com/base/feeds/snippets/14693413290856659257
722,b0009dt87e,http://www.google.com/base/feeds/snippets/12849123232978824729
723,b000b3z2zo,http://www.google.com/base/feeds/snippets/5286999908576362211
724,b000ra3l3g,http://www.google.com/base/feeds/snippets/6628446350064818078
725,b0009nr9mu,http://www.google.com/base/feeds/snippets/16755727468265308879
726,b000t9luce,http://www.google.com/base/feeds/snippets/18388359068656820969
727,b0001fyrqm,http://www.google.com/base/feeds/snippets/6239309275726276581
728,b00099e4ya,http://www.google.com/base/feeds/snippets/16750826951044664483
729,b0000990y7,http://www.google.com/base/feeds/snippets/13833576505530604294
730,b000o39u8q,http://www.google.com/base/feeds/snippets/5609692463569230619
731,b000o39u8q,http://www.google.com/base/feeds/snippets/12958721621590299185
732,b000nkfee4,http://www.google.com/base/feeds/snippets/10699505690150129858
733,b00099xdpq,http://www.google.com/base/feeds/snippets/9660795325358759539
734,b000ra778g,http://www.google.com/base/feeds/snippets/1503028931039652298
735,b000bdiqpc,http://www.google.com/base/feeds/snippets/17153123894129090968
736,b000fetuiy,http://www.google.com/base/feeds/snippets/10702491954940587385
737,b0009suw5q,http://www.google.com/base/feeds/snippets/712876185653102576
738,b000in4uak,http://www.google.com/base/feeds/snippets/12243674671451624208
739,b0009yx9be,http://www.google.com/base/feeds/snippets/1021042895134770712
740,b00002s5ig,http://www.google.com/base/feeds/snippets/10121034673222484873
741,b00002s5ig,http://www.google.com/base/feeds/snippets/8376577004489658408
742,b00002s5ig,http://www.google.com/base/feeds/snippets/4015258116571466944
743,b00002s5ig,http://www.google.com/base/feeds/snippets/16696977577840370909
744,b000gzy7oo,http://www.google.com/base/feeds/snippets/18207838499884290592
745,b000ra20uq,http://www.google.com/base/feeds/snippets/594191839879876004
746,b000h1de00,http://www.google.com/base/feeds/snippets/17326098494894452732
747,b000o39qoo,http://www.google.com/base/feeds/snippets/1160856703276103950
748,b000bo9rt0,http://www.google.com/base/feeds/snippets/1187936019689259805
749,b000bo9rt0,http://www.google.com/base/feeds/snippets/10667383848205761084
750,b000nkj29c,http://www.google.com/base/feeds/snippets/17390440905927321212
751,b000hpf7p6,http://www.google.com/base/feeds/snippets/1781031509566531842
752,b0000959kx,http://www.google.com/base/feeds/snippets/6052848636732301170
753,b000o8g7z0,http://www.google.com/base/feeds/snippets/2442636071527910651
754,b000ie8u4g,http://www.google.com/base/feeds/snippets/17308332648335562662
755,b000io7a9m,http://www.google.com/base/feeds/snippets/13440353610523579374
756,b000fp0k0u,http://www.google.com/base/feeds/snippets/716894577224484053
757,b000hlp5w0,http://www.google.com/base/feeds/snippets/15030217405491356248
758,b000hhvbdq,http://www.google.com/base/feeds/snippets/9685850187894108398
759,b000egidpe,http://www.google.com/base/feeds/snippets/381135748290856568
760,b000egidpe,http://www.google.com/base/feeds/snippets/4998847858583359731
761,b0007sxgla,http://www.google.com/base/feeds/snippets/318535575684738487
762,b000o8gs3g,http://www.google.com/base/feeds/snippets/4395553239306869895
763,b000m6wlyk,http://www.google.com/base/feeds/snippets/4108712449976038856
764,b000fqvxf0,http://www.google.com/base/feeds/snippets/9954012264342776691
765,b000o3bj3k,http://www.google.com/base/feeds/snippets/12942134175594025487
766,b000gihfyu,http://www.google.com/base/feeds/snippets/9859735236279839568
767,b000bwa1jw,http://www.google.com/base/feeds/snippets/9029108187932664886
768,b000fer1d0,http://www.google.com/base/feeds/snippets/2328950736697317790
769,b000g0oom4,http://www.google.com/base/feeds/snippets/6320757184409585395
770,b000gkpe14,http://www.google.com/base/feeds/snippets/6596219200360663289
771,b000qxdj0y,http://www.google.com/base/feeds/snippets/11808064350838387307
772,b000gkpds8,http://www.google.com/base/feeds/snippets/5515688203820371988
773,b000hed3gm,http://www.google.com/base/feeds/snippets/15481209573698256416
774,b000aoz7hw,http://www.google.com/base/feeds/snippets/10563522754094993865
775,b000pg8kxs,http://www.google.com/base/feeds/snippets/13312621869477195220
776,b00083czbg,http://www.google.com/base/feeds/snippets/15052254484804072386
777,b000hed3fs,http://www.google.com/base/feeds/snippets/4811212829822917671
778,b000gr1ceu,http://www.google.com/base/feeds/snippets/2062975649512805986
779,b000gr1ceu,http://www.google.com/base/feeds/snippets/4703701453618359906
780,b0009hl34q,http://www.google.com/base/feeds/snippets/11654629063147846560
781,b000ffsgho,http://www.google.com/base/feeds/snippets/4935901327541769811
782,b000bcicwa,http://www.google.com/base/feeds/snippets/12825336441689158397
783,b000g0lieq,http://www.google.com/base/feeds/snippets/10542539041826323398
784,b0000c4dx0,http://www.google.com/base/feeds/snippets/12956485848771496004
785,b000ovft92,http://www.google.com/base/feeds/snippets/10720405921949933758
786,b000p9eqva,http://www.google.com/base/feeds/snippets/13127837519859196528
787,b000itvtqm,http://www.google.com/base/feeds/snippets/3539622760913695235
788,b000mvp5i4,http://www.google.com/base/feeds/snippets/11404109022171531561
789,b000eezn2c,http://www.google.com/base/feeds/snippets/12329058540425314571
790,b000ghwq7c,http://www.google.com/base/feeds/snippets/2454405441197407300
791,b0006b63rw,http://www.google.com/base/feeds/snippets/12911813140487249020
792,b0001bfdau,http://www.google.com/base/feeds/snippets/4081985616275580076
793,b0001bfdau,http://www.google.com/base/feeds/snippets/16537637847870148950
794,b0001bfdau,http://www.google.com/base/feeds/snippets/4018509382848032799
795,b000etjjae,http://www.google.com/base/feeds/snippets/12845228373531717554
796,b00019tb00,http://www.google.com/base/feeds/snippets/272319572293073318
797,b00019tb00,http://www.google.com/base/feeds/snippets/251538724524961694
798,b00019tb00,http://www.google.com/base/feeds/snippets/4672425011703995374
799,b000070ilx,http://www.google.com/base/feeds/snippets/13036666023758000710
800,b000bljed2,http://www.google.com/base/feeds/snippets/13747478666009449997
801,b0009dwkwo,http://www.google.com/base/feeds/snippets/9753054521720614066
802,b0009dwkwo,http://www.google.com/base/feeds/snippets/8882659121069859929
803,b0009dwkwo,http://www.google.com/base/feeds/snippets/15744420000863688597
804,b000ri161w,http://www.google.com/base/feeds/snippets/4601529828088226069
805,b000ayxld4,http://www.google.com/base/feeds/snippets/13230504925826567019
806,b0009i5sgy,http://www.google.com/base/feeds/snippets/7702263644150091221
807,b0009i5sgy,http://www.google.com/base/feeds/snippets/3306668805908280679
808,b0009i5sgy,http://www.google.com/base/feeds/snippets/13523201367240249515
809,b0009i5sgy,http://www.google.com/base/feeds/snippets/4615810080995000742
810,b000mcianu,http://www.google.com/base/feeds/snippets/13653159525369338466
811,b000mcianu,http://www.google.com/base/feeds/snippets/18365358438027236949
812,b000k6b3zu,http://www.google.com/base/feeds/snippets/257434657988780139
813,b0009jgv50,http://www.google.com/base/feeds/snippets/13809600021930717984
814,b000bsfs3k,http://www.google.com/base/feeds/snippets/13482242609904424371
815,b000fcyts2,http://www.google.com/base/feeds/snippets/14641221219676710452
816,b000g0lkcg,http://www.google.com/base/feeds/snippets/14235968984166622494
817,b0006vc3vc,http://www.google.com/base/feeds/snippets/13235146651353177601
818,b00006iqth,http://www.google.com/base/feeds/snippets/13286819633533674312
819,b000he9psc,http://www.google.com/base/feeds/snippets/14520556770161082452
820,b000pgvk5s,http://www.google.com/base/feeds/snippets/3286136250930686353
821,b000pgvk5s,http://www.google.com/base/feeds/snippets/1872945109493928217
822,b0002x9a1u,http://www.google.com/base/feeds/snippets/13871525141591734359
823,b000h3lza4,http://www.google.com/base/feeds/snippets/13919947739364726744
824,b000enucs8,http://www.google.com/base/feeds/snippets/4968803125750101769
825,b000enucs8,http://www.google.com/base/feeds/snippets/7997047825469627962
826,b000enucs8,http://www.google.com/base/feeds/snippets/18435241901201099210
827,b000gaqlxe,http://www.google.com/base/feeds/snippets/14792132642669527606
828,b000gaqlxe,http://www.google.com/base/feeds/snippets/13825743693732119715
829,b00021lrw2,http://www.google.com/base/feeds/snippets/6591008499871907116
830,b000ndibl4,http://www.google.com/base/feeds/snippets/14992670292987095559
831,b000fdetx6,http://www.google.com/base/feeds/snippets/4635585281695496952
832,b000fdetx6,http://www.google.com/base/feeds/snippets/1298387803049191225
833,b000a0s3x6,http://www.google.com/base/feeds/snippets/16019355033889363381
834,b000euhiug,http://www.google.com/base/feeds/snippets/15998338875089949975
835,b0006aao9g,http://www.google.com/base/feeds/snippets/15937975832085771486
836,b000bx441w,http://www.google.com/base/feeds/snippets/6376971851371386778
837,b000bs5ibm,http://www.google.com/base/feeds/snippets/15944513620809178120
838,b0006aao96,http://www.google.com/base/feeds/snippets/15911936238938935149
839,b0002jtvng,http://www.google.com/base/feeds/snippets/5572182459728876600
840,b000ub66ha,http://www.google.com/base/feeds/snippets/15897742829993345210
841,b000hl1eie,http://www.google.com/base/feeds/snippets/10217306837122444015
842,b000feyg7o,http://www.google.com/base/feeds/snippets/15564784742978828373
843,b000bx5ggy,http://www.google.com/base/feeds/snippets/8317633865991250636
844,b000bx5ggy,http://www.google.com/base/feeds/snippets/12226449661661559282
845,b000mrnc9m,http://www.google.com/base/feeds/snippets/6926972626200206366
846,b00061m0qk,http://www.google.com/base/feeds/snippets/15404585187042606500
847,b000u1w4us,http://www.google.com/base/feeds/snippets/17155028207234161100
848,b000iw5kv4,http://www.google.com/base/feeds/snippets/1756203513172973882
849,b00009l1hv,http://www.google.com/base/feeds/snippets/15203735208016659510
850,b00009l1hv,http://www.google.com/base/feeds/snippets/11958168742202087168
851,b000iaolaw,http://www.google.com/base/feeds/snippets/2919031939469503608
852,b00002s755,http://www.google.com/base/feeds/snippets/1946192615586358516
853,b0001wn0m2,http://www.google.com/base/feeds/snippets/17784299186975876292
854,b0001wn0m2,http://www.google.com/base/feeds/snippets/2691848002513611613
855,b000fbju6e,http://www.google.com/base/feeds/snippets/17104623549372310375
856,b000byrinm,http://www.google.com/base/feeds/snippets/17081837201771092975
857,b0002i6l7g,http://www.google.com/base/feeds/snippets/3887119395489365873
858,b0007ly3zu,http://www.google.com/base/feeds/snippets/16699804671191247885
859,b000e28ut2,http://www.google.com/base/feeds/snippets/17072957672946519930
860,b000hlt5hq,http://www.google.com/base/feeds/snippets/5120006088713032791
861,b0006i7glw,http://www.google.com/base/feeds/snippets/16445577344159065644
862,b000j4oxf0,http://www.google.com/base/feeds/snippets/16319944090637292990
863,b000afkxso,http://www.google.com/base/feeds/snippets/1611810981921795487
864,b000iek7kg,http://www.google.com/base/feeds/snippets/16351355486478883410
865,b000lxdrjm,http://www.google.com/base/feeds/snippets/6524009149304761284
866,b000gamw7s,http://www.google.com/base/feeds/snippets/18053348848713858697
867,b000h294mq,http://www.google.com/base/feeds/snippets/10856062098610973379
868,b000h294mq,http://www.google.com/base/feeds/snippets/17383951289144054339
869,b000j6ddrw,http://www.google.com/base/feeds/snippets/18190371164810858934
870,b000j6ddrw,http://www.google.com/base/feeds/snippets/18378133609675219667
871,b000iwarqw,http://www.google.com/base/feeds/snippets/8805781114218671102
872,b000ldqs9s,http://www.google.com/base/feeds/snippets/17666397403215916975
873,b0001xdysq,http://www.google.com/base/feeds/snippets/10775485982845096156
874,b000exu9ay,http://www.google.com/base/feeds/snippets/17823721749459533075
875,b000k6crb4,http://www.google.com/base/feeds/snippets/14783944613059032198
876,b000j5lgg8,http://www.google.com/base/feeds/snippets/18004448735840625942
877,b000hkim7q,http://www.google.com/base/feeds/snippets/17555720475076621347
878,b000ndibbo,http://www.google.com/base/feeds/snippets/16934204320953872944
879,b000bx0006,http://www.google.com/base/feeds/snippets/17214545032473425136
880,b000bx0006,http://www.google.com/base/feeds/snippets/4621582451171111860
881,b000922deu,http://www.google.com/base/feeds/snippets/17512159947329144136
882,b0001wn16m,http://www.google.com/base/feeds/snippets/14391445631859374347
883,b0001wn16m,http://www.google.com/base/feeds/snippets/18396633258112051350
884,b0001wn16m,http://www.google.com/base/feeds/snippets/18372325427432567642
885,b0001wn16m,http://www.google.com/base/feeds/snippets/10092468528845066077
886,b0002vcuzk,http://www.google.com/base/feeds/snippets/14443906686010295390
887,b000b6kh38,http://www.google.com/base/feeds/snippets/18277398973089665313
888,b0009ftmj6,http://www.google.com/base/feeds/snippets/17244314871392617212
889,b000e3fn4g,http://www.google.com/base/feeds/snippets/9584209186514584056
890,b000e3fn4g,http://www.google.com/base/feeds/snippets/18391865764441158658
891,b000jgqt28,http://www.google.com/base/feeds/snippets/18282499725938188855
892,b0002mg5uk,http://www.google.com/base/feeds/snippets/1267940675828545901
893,b000pijt6i,http://www.google.com/base/feeds/snippets/16984572314608520314
894,b000ndibge,http://www.google.com/base/feeds/snippets/1227473479709404023
895,b000ivhlgc,http://www.google.com/base/feeds/snippets/16978988391209170797
896,b000mfqzoi,http://www.google.com/base/feeds/snippets/16972373098771212794
897,b00004ochi,http://www.google.com/base/feeds/snippets/9122006997888271580
898,b00004ochi,http://www.google.com/base/feeds/snippets/2954833753751672874
899,b00004ochi,http://www.google.com/base/feeds/snippets/8564521918031484066
900,b00004ochi,http://www.google.com/base/feeds/snippets/13869960802688221937
901,b000qd9f5w,http://www.google.com/base/feeds/snippets/16981277851522177810
902,b000tme1ke,http://www.google.com/base/feeds/snippets/16965466141678042659
903,b000lwfbem,http://www.google.com/base/feeds/snippets/6614738792097944479
904,b000lwfbem,http://www.google.com/base/feeds/snippets/18426249152153175425
905,b000lp6jky,http://www.google.com/base/feeds/snippets/908293428104495266
906,b000bp8alk,http://www.google.com/base/feeds/snippets/11465786913875583817
907,b000edjjhs,http://www.google.com/base/feeds/snippets/17033785854482020785
908,b000hbysc8,http://www.google.com/base/feeds/snippets/11343515411965421256
909,b000ndid44,http://www.google.com/base/feeds/snippets/1396058941659125307
910,b000ndid44,http://www.google.com/base/feeds/snippets/18415197771734313133
911,b000fzz77q,http://www.google.com/base/feeds/snippets/17008959831760960991
912,b0002ibev4,http://www.google.com/base/feeds/snippets/1887899244694755891
913,b000bckm46,http://www.google.com/base/feeds/snippets/17651580132908652894
914,b000bsf1iw,http://www.google.com/base/feeds/snippets/1366247437960571613
915,b0009affew,http://www.google.com/base/feeds/snippets/17165389585205797735
916,b000oqjdna,http://www.google.com/base/feeds/snippets/17165631569540488376
917,b000emcays,http://www.google.com/base/feeds/snippets/727817609597268757
918,b00007m5vg,http://www.google.com/base/feeds/snippets/16901363491609477771
919,b000btac30,http://www.google.com/base/feeds/snippets/16883659993106723886
920,b000i3g30k,http://www.google.com/base/feeds/snippets/13078719460791292222
921,b00007e8d4,http://www.google.com/base/feeds/snippets/16959392076941739015
922,b000byr41s,http://www.google.com/base/feeds/snippets/825708128584676723
923,b000b6n2oe,http://www.google.com/base/feeds/snippets/848125606533600340
924,b000frs438,http://www.google.com/base/feeds/snippets/16940097910559500208
925,b000gcbov6,http://www.google.com/base/feeds/snippets/779838933309218814
926,b000gcgq82,http://www.google.com/base/feeds/snippets/16921328283361819228
927,b000h27puo,http://www.google.com/base/feeds/snippets/747897289202016262
928,b000gcd6qc,http://www.google.com/base/feeds/snippets/17053187920066498620
929,b000exs456,http://www.google.com/base/feeds/snippets/7954126691882273345
930,b00029rapc,http://www.google.com/base/feeds/snippets/17059526546034030562
931,b000ag5sb0,http://www.google.com/base/feeds/snippets/12546664403196501542
932,b000oajy8a,http://www.google.com/base/feeds/snippets/7354148618116652287
933,b0001fyrqc,http://www.google.com/base/feeds/snippets/16246834342456901109
934,b0001fyrqc,http://www.google.com/base/feeds/snippets/7062936722155279808
935,b0001fyrqc,http://www.google.com/base/feeds/snippets/5976779863499710865
936,b000ej9w0g,http://www.google.com/base/feeds/snippets/528675562457283213
937,b0002e3lpk,http://www.google.com/base/feeds/snippets/3815040086805205738
938,b000056b63,http://www.google.com/base/feeds/snippets/17180557293748751234
939,b000in35ho,http://www.google.com/base/feeds/snippets/17101910436938629162
940,b000fc4du6,http://www.google.com/base/feeds/snippets/534612205120966482
941,b000h2421o,http://www.google.com/base/feeds/snippets/17262070833319550928
942,b000lff13k,http://www.google.com/base/feeds/snippets/201121512151694259
943,b000lff13k,http://www.google.com/base/feeds/snippets/17709309145330542949
944,b000gb0m7y,http://www.google.com/base/feeds/snippets/15318442980556593434
945,b000bcgf9m,http://www.google.com/base/feeds/snippets/17137407106136957809
946,b000gaywoe,http://www.google.com/base/feeds/snippets/1263381651905806931
947,b000nknaze,http://www.google.com/base/feeds/snippets/17094758357141692240
948,b000i5wcp8,http://www.google.com/base/feeds/snippets/11018448213893210660
949,b0000c4m1w,http://www.google.com/base/feeds/snippets/17149576701498164512
950,b000i8od3y,http://www.google.com/base/feeds/snippets/576657957503096211
951,b000oahvl2,http://www.google.com/base/feeds/snippets/1341133658694254112
952,b0000c7fpt,http://www.google.com/base/feeds/snippets/17175991674191849246
953,b0009jgv6o,http://www.google.com/base/feeds/snippets/171336667164499787
954,b0009eu0ca,http://www.google.com/base/feeds/snippets/12931942175551075589
955,b000hcqqmc,http://www.google.com/base/feeds/snippets/17192874868577413898
956,b000fj16ou,http://www.google.com/base/feeds/snippets/17192736847409473684
957,b00006sijr,http://www.google.com/base/feeds/snippets/5585715428749582523
958,b00006sijr,http://www.google.com/base/feeds/snippets/6247936198343071793
959,b00006sijr,http://www.google.com/base/feeds/snippets/13589207002001810856
960,b00006sijr,http://www.google.com/base/feeds/snippets/10621416214836586442
961,b000in8n30,http://www.google.com/base/feeds/snippets/11216712001773264822
962,b000in8n30,http://www.google.com/base/feeds/snippets/4377533611520192512
963,b000j00xeo,http://www.google.com/base/feeds/snippets/8524288977169655479
964,b000ndicqi,http://www.google.com/base/feeds/snippets/9647142668602200141
965,b0009jearq,http://www.google.com/base/feeds/snippets/17196507061828599304
966,b000067fk7,http://www.google.com/base/feeds/snippets/3785999369106891548
967,b000067fk7,http://www.google.com/base/feeds/snippets/22081347244611883
968,b000067fk7,http://www.google.com/base/feeds/snippets/8900923119664778651
969,b000067fk7,http://www.google.com/base/feeds/snippets/1832664201831888645
970,b000ijngeu,http://www.google.com/base/feeds/snippets/17208172489316783816
971,b000aoz7ko,http://www.google.com/base/feeds/snippets/153037367930985749
972,b000bsf02e,http://www.google.com/base/feeds/snippets/7475984506445353918
973,b000ro7h3w,http://www.google.com/base/feeds/snippets/13792413550965266630
974,b000ro7h3w,http://www.google.com/base/feeds/snippets/2783290587760886650
975,b00002s6sc,http://www.google.com/base/feeds/snippets/14941513108998426217
976,b00002s6sc,http://www.google.com/base/feeds/snippets/6908558013988135436
977,b00002s6sc,http://www.google.com/base/feeds/snippets/10496277297966281940
978,b00002s6sc,http://www.google.com/base/feeds/snippets/11023384475486845617
979,b000v7pf3o,http://www.google.com/base/feeds/snippets/17249871924749189514
980,b000ihxad4,http://www.google.com/base/feeds/snippets/2854532146016566771
981,b000o27rgy,http://www.google.com/base/feeds/snippets/3109934347512360013
982,b00009k780,http://www.google.com/base/feeds/snippets/17261970023689791051
983,b00006jo4g,http://www.google.com/base/feeds/snippets/16080101328048625984
984,b00006jo4g,http://www.google.com/base/feeds/snippets/17983103067016649420
985,b00006jo4g,http://www.google.com/base/feeds/snippets/10206096308013781162
986,b00006jo4g,http://www.google.com/base/feeds/snippets/15933205235519328818
987,b00006jo4g,http://www.google.com/base/feeds/snippets/17694493073700371269
988,b000v7y5j4,http://www.google.com/base/feeds/snippets/17269511268099992892
989,b000f7bps4,http://www.google.com/base/feeds/snippets/12516109834871224117
990,b000gkxmea,http://www.google.com/base/feeds/snippets/17230198637846961402
991,b000gwfgqk,http://www.google.com/base/feeds/snippets/13692542638505368471
992,b000gkshi6,http://www.google.com/base/feeds/snippets/16952776452110398384
993,b000gkshi6,http://www.google.com/base/feeds/snippets/8354689508970608357
994,b000oftj8u,http://www.google.com/base/feeds/snippets/4224056639442959853
995,b000oftj8u,http://www.google.com/base/feeds/snippets/13461495034626913881
996,b000bd1ad2,http://www.google.com/base/feeds/snippets/17267430885978125860
997,b00007g3ai,http://www.google.com/base/feeds/snippets/10901373095934236651
998,b00007g3ai,http://www.google.com/base/feeds/snippets/15756558104583624199
999,b00007g3ai,http://www.google.com/base/feeds/snippets/11265957088683077055
1000,b00007g3ai,http://www.google.com/base/feeds/snippets/2519306436830554150
1001,b0001mbatc,http://www.google.com/base/feeds/snippets/17075992384109050018
1002,b0009hj5ve,http://www.google.com/base/feeds/snippets/904752907591542149
1003,b0009hj5ve,http://www.google.com/base/feeds/snippets/5100323510083618710
1004,b0009hj5ve,http://www.google.com/base/feeds/snippets/4036053921422681767
1005,b0009hj5ve,http://www.google.com/base/feeds/snippets/17031778429388398652
1006,b000063v0z,http://www.google.com/base/feeds/snippets/3325089562849958903
1007,b000o39qyo,http://www.google.com/base/feeds/snippets/17273913360738156669
1008,b000k757w4,http://www.google.com/base/feeds/snippets/17265475148454123541
1009,b000e65hki,http://www.google.com/base/feeds/snippets/11050991040966629398
1010,b000p4v8am,http://www.google.com/base/feeds/snippets/17411076438303340250
1011,b000v7vz2e,http://www.google.com/base/feeds/snippets/17926987006913487270
1012,b000hlt55i,http://www.google.com/base/feeds/snippets/17411408037622367354
1013,b0009yn1ks,http://www.google.com/base/feeds/snippets/17450858518393943272
1014,b000fabege,http://www.google.com/base/feeds/snippets/17453864721509833307
1015,b000ezmxcy,http://www.google.com/base/feeds/snippets/17440820469218114890
1016,b000skvy20,http://www.google.com/base/feeds/snippets/11359745283620291559
1017,b000j1h08k,http://www.google.com/base/feeds/snippets/17943324820292919047
1018,b000hhvb5e,http://www.google.com/base/feeds/snippets/2651646167662758246
1019,b000hi1i2e,http://www.google.com/base/feeds/snippets/2084347887571442067
1020,b000b6jasg,http://www.google.com/base/feeds/snippets/17471276055285923188
1021,b000jx3mx0,http://www.google.com/base/feeds/snippets/18142071205016449884
1022,b000twz14o,http://www.google.com/base/feeds/snippets/17467141222535233488
1023,b000lozewy,http://www.google.com/base/feeds/snippets/17477502346334387395
1024,b000i7zabo,http://www.google.com/base/feeds/snippets/17479437813216357894
1025,b000v7riie,http://www.google.com/base/feeds/snippets/17523098183862840727
1026,b00065hjvc,http://www.google.com/base/feeds/snippets/17535862274044952617
1027,b000nkpf7k,http://www.google.com/base/feeds/snippets/17506547254238780201
1028,b000ndo7n0,http://www.google.com/base/feeds/snippets/17544063525352738794
1029,b000gcgqvy,http://www.google.com/base/feeds/snippets/17456162504360585884
1030,1931102953,http://www.google.com/base/feeds/snippets/12729065138733783657
1031,b000egidpy,http://www.google.com/base/feeds/snippets/5558998293398547766
1032,b000i84dum,http://www.google.com/base/feeds/snippets/17544872940647061920
1033,b000bb7fjw,http://www.google.com/base/feeds/snippets/17614065814468597783
1034,b000bgtvbc,http://www.google.com/base/feeds/snippets/15661314377252665074
1035,b000v7vz1u,http://www.google.com/base/feeds/snippets/17615743519264436737
1036,b0007m69s8,http://www.google.com/base/feeds/snippets/17998064550570873069
1037,b000rhdusa,http://www.google.com/base/feeds/snippets/17582660229215283000
1038,b000rhdusa,http://www.google.com/base/feeds/snippets/11927579066669830952
1039,b000jx5shs,http://www.google.com/base/feeds/snippets/17578507241939502542
1040,b000ezmxz6,http://www.google.com/base/feeds/snippets/18127050167172376780
1041,b000v9yxj4,http://www.google.com/base/feeds/snippets/17521446718236049500
1042,b000pienka,http://www.google.com/base/feeds/snippets/17520994730465780544
1043,b000fb9w3a,http://www.google.com/base/feeds/snippets/17941162981056466173
1044,b000szyqam,http://www.google.com/base/feeds/snippets/18111145490199629534
1045,b000jx84va,http://www.google.com/base/feeds/snippets/17836395815164917371
1046,b000nkklwy,http://www.google.com/base/feeds/snippets/18277858650749573891
1047,b000in6tnq,http://www.google.com/base/feeds/snippets/18251424810598585817
1048,b000iflerk,http://www.google.com/base/feeds/snippets/17776155287333548087
1049,b000exu99k,http://www.google.com/base/feeds/snippets/17647670175814866187
1050,b000lptgc2,http://www.google.com/base/feeds/snippets/17624778694912125664
1051,b00005auzh,http://www.google.com/base/feeds/snippets/17640225934406949646
1052,b000ndibhi,http://www.google.com/base/feeds/snippets/8042583218932085904
1053,b00005rd70,http://www.google.com/base/feeds/snippets/17691332503246508957
1054,b0000cdvuh,http://www.google.com/base/feeds/snippets/17695920349455995837
1055,b000rsk7k8,http://www.google.com/base/feeds/snippets/17663334954312320904
1056,b0009x6qew,http://www.google.com/base/feeds/snippets/18305953820307083661
1057,b000tdgyks,http://www.google.com/base/feeds/snippets/17686732625070159576
1058,b000pihtbk,http://www.google.com/base/feeds/snippets/18037480601440105621
1059,b000pihtbk,http://www.google.com/base/feeds/snippets/9522193715675586199
1060,b000in8mj0,http://www.google.com/base/feeds/snippets/17707372056830171464
1061,b000cs3s2c,http://www.google.com/base/feeds/snippets/17715266298340609214
1062,b00005bigp,http://www.google.com/base/feeds/snippets/17738870551709614779
1063,b000h1df7w,http://www.google.com/base/feeds/snippets/17737819843616715912
1064,b000p9cr66,http://www.google.com/base/feeds/snippets/17724977097925207764
1065,b000p9cr66,http://www.google.com/base/feeds/snippets/13212739364324191667
